asctime,name,topic from,topic to,frame,offset received,frame delay (ms),msg creation delay (ms),consume time (ms),size data received (KB),decode time (ms),size data decoded (KB),process time (ms),size data processed (KB),encode time (ms),size data encoded (KB),send time (ms),size data sent (KB),offset sent
2024/04/22 21:15:56.706,csv_executor,input,final_uav_1,-1,113293,-1,52.19,3.01,17.031,0.54,15.856,12.89,929.878,0.52,929.393,120.05,929.393,793
2024/04/22 21:15:56.814,csv_executor,input,final_uav_1,-1,113294,-1,172.25,110.1,17.031,0.0,15.856,2.15,929.878,0.0,929.393,113.8,929.393,794
2024/04/22 21:15:56.995,csv_executor,input,final_uav_1,-1,113295,-1,170.01,1.54,17.031,0.0,15.856,1.56,929.878,0.58,929.393,289.61,929.393,795
2024/04/22 21:15:57.103,csv_executor,input,final_uav_1,-1,113296,-1,264.88,2.07,17.031,0.52,15.856,1.56,929.878,0.0,929.393,296.51,929.393,796
2024/04/22 21:15:57.212,csv_executor,input,final_uav_1,-1,113297,-1,437.78,1.58,17.124,0.0,15.949,2.62,929.878,0.52,929.393,225.26,929.393,797
2024/04/22 21:15:57.329,csv_executor,input,final_uav_1,-1,113298,-1,542.61,2.08,17.124,0.0,15.949,2.59,929.878,0.0,929.393,233.25,929.393,798
2024/04/22 21:15:57.442,csv_executor,input,final_uav_1,-1,113299,-1,645.22,2.07,17.124,0.0,15.949,2.61,929.878,0.53,929.393,235.91,929.393,799
2024/04/22 21:15:57.566,csv_executor,input,final_uav_1,-1,113300,-1,751.57,1.56,17.124,0.0,15.949,2.08,929.878,0.0,929.393,242.87,929.393,800
2024/04/22 21:15:57.680,csv_executor,input,final_uav_1,-1,113301,-1,848.19,2.6,17.124,0.0,15.949,3.12,929.878,1.05,929.393,245.72,929.393,801
2024/04/22 21:15:57.794,csv_executor,input,final_uav_1,-1,113302,-1,968.52,3.14,17.186,0.0,16.011,3.69,929.878,1.04,929.393,232.29,929.393,802
2024/04/22 21:15:57.925,csv_executor,input,final_uav_1,-1,113303,-1,1073.31,2.1,17.186,0.0,16.011,2.07,929.878,0.52,929.393,250.87,929.393,803
2024/04/22 21:15:58.066,csv_executor,input,final_uav_1,-1,113304,-1,1179.66,1.56,17.186,0.0,16.011,2.07,929.878,0.52,929.393,279.58,929.393,804
2024/04/22 21:15:58.175,csv_executor,input,final_uav_1,-1,113305,-1,1283.36,2.07,17.261,0.0,16.086,2.63,929.878,0.0,929.393,278.88,929.393,805
2024/04/22 21:15:58.283,csv_executor,input,final_uav_1,-1,113306,-1,1441.82,2.65,17.261,0.0,16.086,2.61,929.878,0.53,929.393,222.86,929.393,806
2024/04/22 21:15:58.389,csv_executor,input,final_uav_1,-1,113307,-1,1546.02,3.14,17.261,0.0,16.086,2.1,929.878,0.0,929.393,219.86,929.393,807
2024/04/22 21:15:58.497,csv_executor,input,final_uav_1,-1,113308,-1,1648.96,2.1,17.261,0.0,16.086,3.11,929.878,0.0,929.393,220.36,929.393,808
2024/04/22 21:15:58.616,csv_executor,input,final_uav_1,-1,113309,-1,1750.09,2.09,17.261,0.0,16.086,2.58,929.878,0.0,929.393,233.27,929.393,809
2024/04/22 21:15:58.737,csv_executor,input,final_uav_1,-1,113310,-1,1853.9,2.07,17.261,0.0,16.086,2.09,929.878,0.0,929.393,246.72,929.393,810
2024/04/22 21:15:58.863,csv_executor,input,final_uav_1,-1,113311,-1,1968.56,2.11,17.261,0.0,16.086,3.19,929.878,0.52,929.393,251.51,929.393,811
2024/04/22 21:15:59.011,csv_executor,input,final_uav_1,-1,113312,-1,2081.12,2.6,17.261,0.0,16.086,3.74,929.878,0.52,929.393,282.16,929.393,812
2024/04/22 21:15:59.237,csv_executor,input,final_uav_1,-1,113313,-1,2207.01,1.55,17.261,0.52,16.086,1.56,929.878,0.0,929.393,380.81,929.393,813
2024/04/22 21:15:59.346,csv_executor,input,final_uav_1,-1,113314,-1,2307.8,2.12,17.261,0.0,16.086,2.6,929.878,0.53,929.393,383.86,929.393,814
2024/04/22 21:15:59.455,csv_executor,input,final_uav_1,-1,113315,-1,2453.6,2.05,17.261,0.0,16.086,2.59,929.878,0.52,929.393,342.94,929.393,815
2024/04/22 21:15:59.563,csv_executor,input,final_uav_1,-1,113316,-1,2675.87,2.14,17.261,0.0,16.086,2.06,929.878,0.0,929.393,224.23,929.393,816
2024/04/22 21:15:59.671,csv_executor,input,final_uav_1,-1,113317,-1,2780.8,2.07,17.261,0.0,16.086,2.08,929.878,0.0,929.393,221.65,929.393,817
2024/04/22 21:15:59.785,csv_executor,input,final_uav_1,-1,113318,-1,2884.34,2.12,17.363,0.0,16.188,2.09,929.878,0.52,929.393,226.65,929.393,818
2024/04/22 21:15:59.898,csv_executor,input,final_uav_1,-1,113319,-1,2986.69,2.13,17.363,0.0,16.188,2.6,929.878,0.54,929.393,233.15,929.393,819
2024/04/22 21:16:00.014,csv_executor,input,final_uav_1,-1,113320,-1,3094.63,2.08,17.363,0.0,16.188,2.59,929.878,0.52,929.393,236.48,929.393,820
2024/04/22 21:16:00.130,csv_executor,input,final_uav_1,-1,113321,-1,3317.97,117.16,17.363,0.0,16.188,2.68,929.878,0.53,929.393,123.78,929.393,821
2024/04/22 21:16:00.261,csv_executor,input,final_uav_1,-1,113322,-1,3321.58,2.76,17.363,0.52,16.188,2.6,929.878,0.53,929.393,247.03,929.393,822
2024/04/22 21:16:00.503,csv_executor,input,final_uav_1,-1,113323,-1,3424.1,2.12,17.363,0.0,16.188,2.59,929.878,0.52,929.393,380.82,929.393,823
2024/04/22 21:16:00.649,csv_executor,input,final_uav_1,-1,113324,-1,3546.18,3.65,17.363,0.0,16.188,3.22,929.878,0.0,929.393,396.69,929.393,824
2024/04/22 21:16:00.760,csv_executor,input,final_uav_1,-1,113325,-1,3660.03,2.1,17.398,0.0,16.223,2.63,929.878,0.52,929.393,389.24,929.393,825
2024/04/22 21:16:00.879,csv_executor,input,final_uav_1,-1,113326,-1,3926.07,2.61,17.398,0.53,16.223,2.63,929.878,0.0,929.393,236.49,929.393,826
2024/04/22 21:16:00.990,csv_executor,input,final_uav_1,-1,113327,-1,4032.93,1.56,17.398,0.0,16.223,2.62,929.878,0.52,929.393,236.91,929.393,827
2024/04/22 21:16:01.102,csv_executor,input,final_uav_1,-1,113328,-1,4149.88,2.1,17.398,0.0,16.223,2.61,929.878,0.52,929.393,228.47,929.393,828
2024/04/22 21:16:01.218,csv_executor,input,final_uav_1,-1,113329,-1,4255.07,2.08,17.398,0.0,16.223,2.15,929.878,0.0,929.393,234.31,929.393,829
2024/04/22 21:16:01.342,csv_executor,input,final_uav_1,-1,113330,-1,4357.85,2.09,17.398,0.0,16.223,4.27,929.878,0.52,929.393,248.78,929.393,830
2024/04/22 21:16:01.480,csv_executor,input,final_uav_1,-1,113331,-1,4470.99,2.59,17.366,0.0,16.191,2.09,929.878,0.52,929.393,270.31,929.393,831
2024/04/22 21:16:01.624,csv_executor,input,final_uav_1,-1,113332,-1,4589.55,1.56,17.366,0.52,16.191,3.8,929.878,0.55,929.393,288.75,929.393,832
2024/04/22 21:16:01.761,csv_executor,input,final_uav_1,-1,113333,-1,4723.97,1.56,17.366,0.0,16.191,2.6,929.878,0.53,929.393,288.77,929.393,833
2024/04/22 21:16:01.886,csv_executor,input,final_uav_1,-1,113334,-1,4850.18,2.65,17.366,0.0,16.191,2.62,929.878,0.52,929.393,281.6,929.393,834
2024/04/22 21:16:01.998,csv_executor,input,final_uav_1,-1,113335,-1,4994.37,1.57,17.366,0.0,16.191,2.64,929.878,0.52,929.393,244.86,929.393,835
2024/04/22 21:16:02.123,csv_executor,input,final_uav_1,-1,113336,-1,5117.11,2.1,17.366,0.0,16.191,2.07,929.878,0.0,929.393,243.62,929.393,836
2024/04/22 21:16:02.255,csv_executor,input,final_uav_1,-1,113337,-1,5224.07,2.08,17.366,0.0,16.191,2.58,929.878,0.52,929.393,263.2,929.393,837
2024/04/22 21:16:02.374,csv_executor,input,final_uav_1,-1,113338,-1,5341.72,2.6,17.366,0.0,16.191,4.15,929.878,0.52,929.393,258.85,929.393,838
2024/04/22 21:16:02.487,csv_executor,input,final_uav_1,-1,113339,-1,5468.8,2.61,17.366,0.0,16.191,3.18,929.878,0.53,929.393,241.15,929.393,839
2024/04/22 21:16:02.612,csv_executor,input,final_uav_1,-1,113340,-1,5585.32,2.08,17.529,0.0,16.354,2.66,929.878,0.0,929.393,245.27,929.393,840
2024/04/22 21:16:02.735,csv_executor,input,final_uav_1,-1,113341,-1,5695.37,2.06,17.529,0.0,16.354,2.59,929.878,0.0,929.393,252.88,929.393,841
2024/04/22 21:16:02.868,csv_executor,input,final_uav_1,-1,113342,-1,5814.76,3.13,17.529,0.0,16.354,2.62,929.878,0.0,929.393,261.95,929.393,842
2024/04/22 21:16:02.997,csv_executor,input,final_uav_1,-1,113343,-1,5931.9,3.12,17.529,0.0,16.354,2.6,929.878,0.53,929.393,269.23,929.393,843
2024/04/22 21:16:03.126,csv_executor,input,final_uav_1,-1,113344,-1,6043.4,2.09,17.529,0.0,16.354,2.16,929.878,0.52,929.393,282.96,929.393,844
2024/04/22 21:16:03.241,csv_executor,input,final_uav_1,-1,113345,-1,6186.32,2.6,17.529,0.0,16.354,2.6,929.878,0.0,929.393,251.28,929.393,845
2024/04/22 21:16:03.369,csv_executor,input,final_uav_1,-1,113346,-1,6306.67,2.1,17.529,0.0,16.354,2.09,929.878,0.51,929.393,252.53,929.393,846
2024/04/22 21:16:03.490,csv_executor,input,final_uav_1,-1,113347,-1,6416.63,2.07,17.529,0.0,16.354,2.66,929.878,0.52,929.393,256.67,929.393,847
2024/04/22 21:16:03.600,csv_executor,input,final_uav_1,-1,113348,-1,6543.09,2.61,17.529,0.0,16.354,2.63,929.878,0.52,929.393,237.61,929.393,848
2024/04/22 21:16:03.720,csv_executor,input,final_uav_1,-1,113349,-1,6658.1,2.1,17.529,0.0,16.354,2.07,929.878,0.0,929.393,237.64,929.393,849
2024/04/22 21:16:03.863,csv_executor,input,final_uav_1,-1,113350,-1,6763.91,2.62,17.529,0.0,16.354,2.08,929.878,0.51,929.393,269.25,929.393,850
2024/04/22 21:16:03.982,csv_executor,input,final_uav_1,-1,113351,-1,6877.23,2.08,17.529,0.0,16.354,3.21,929.878,0.51,929.393,270.05,929.393,851
2024/04/22 21:16:04.126,csv_executor,input,final_uav_1,-1,113352,-1,7014.07,3.12,17.529,0.0,16.354,3.26,929.878,0.54,929.393,271.52,929.393,852
2024/04/22 21:16:04.258,csv_executor,input,final_uav_1,-1,113353,-1,7131.43,1.55,17.497,0.52,16.322,1.57,929.878,0.0,929.393,283.58,929.393,853
2024/04/22 21:16:04.363,csv_executor,input,final_uav_1,-1,113354,-1,7251.89,4.63,17.497,0.0,16.322,4.24,929.878,0.54,929.393,260.78,929.393,854
2024/04/22 21:16:04.478,csv_executor,input,final_uav_1,-1,113355,-1,7395.56,2.62,17.497,0.0,16.322,2.62,929.878,0.0,929.393,228.51,929.393,855
2024/04/22 21:16:04.595,csv_executor,input,final_uav_1,-1,113356,-1,7497.98,2.13,17.497,0.0,16.322,2.12,929.878,0.0,929.393,237.6,929.393,856
2024/04/22 21:16:04.705,csv_executor,input,final_uav_1,-1,113357,-1,7606.39,1.56,17.497,0.0,16.322,1.55,929.878,0.0,929.393,234.29,929.393,857
2024/04/22 21:16:04.816,csv_executor,input,final_uav_1,-1,113358,-1,7716.21,2.07,17.497,0.0,16.322,3.21,929.878,0.52,929.393,228.1,929.393,858
2024/04/22 21:16:04.929,csv_executor,input,final_uav_1,-1,113359,-1,7821.28,2.12,17.57,0.0,16.395,3.14,929.878,0.52,929.393,230.81,929.393,859
2024/04/22 21:16:05.054,csv_executor,input,final_uav_1,-1,113360,-1,7928.74,2.1,17.57,0.0,16.395,2.08,929.878,0.53,929.393,243.83,929.393,860
2024/04/22 21:16:05.189,csv_executor,input,final_uav_1,-1,113361,-1,8037.87,2.09,17.57,0.0,16.395,2.09,929.878,0.0,929.393,265.59,929.393,861
2024/04/22 21:16:05.313,csv_executor,input,final_uav_1,-1,113362,-1,8155.59,2.62,17.57,0.0,16.395,3.13,929.878,0.69,929.393,265.58,929.393,862
2024/04/22 21:16:05.459,csv_executor,input,final_uav_1,-1,113363,-1,8285.58,2.12,17.57,0.0,16.395,2.1,929.878,0.0,929.393,278.63,929.393,863
2024/04/22 21:16:05.576,csv_executor,input,final_uav_1,-1,113364,-1,8397.21,2.61,17.57,0.0,16.395,3.65,929.878,0.0,929.393,274.62,929.393,864
2024/04/22 21:16:05.685,csv_executor,input,final_uav_1,-1,113365,-1,8542.74,2.07,17.705,0.0,16.53,3.15,929.878,0.0,929.393,234.33,929.393,865
2024/04/22 21:16:05.868,csv_executor,input,final_uav_1,-1,113366,-1,8656.6,2.11,17.705,0.0,16.53,2.12,929.878,0.52,929.393,298.46,929.393,866
2024/04/22 21:16:05.986,csv_executor,input,final_uav_1,-1,113367,-1,8762.83,2.11,17.705,0.0,16.53,2.67,929.878,0.52,929.393,306.9,929.393,867
2024/04/22 21:16:06.101,csv_executor,input,final_uav_1,-1,113368,-1,8852.22,3.18,17.705,0.52,16.53,3.14,929.878,0.52,929.393,295.5,929.393,868
2024/04/22 21:16:06.250,csv_executor,input,final_uav_1,-1,113369,-1,9019.74,2.09,17.709,0.0,16.534,2.62,929.878,0.52,929.393,273.5,929.393,869
2024/04/22 21:16:06.381,csv_executor,input,final_uav_1,-1,113370,-1,9130.55,2.65,17.709,0.0,16.534,2.09,929.878,0.52,929.393,286.66,929.393,870
2024/04/22 21:16:06.496,csv_executor,input,final_uav_1,-1,113371,-1,9269.68,2.63,17.709,0.0,16.534,3.18,929.878,0.52,929.393,254.9,929.393,871
2024/04/22 21:16:06.654,csv_executor,input,final_uav_1,-1,113372,-1,9397.86,2.14,17.709,0.0,16.534,1.56,929.878,0.0,929.393,280.4,929.393,872
2024/04/22 21:16:06.795,csv_executor,input,final_uav_1,-1,113373,-1,9505.24,2.1,17.709,0.0,16.534,2.68,929.878,0.52,929.393,306.3,929.393,873
2024/04/22 21:16:06.907,csv_executor,input,final_uav_1,-1,113374,-1,9639.0,2.68,17.709,0.0,16.534,3.17,929.878,0.0,929.393,277.13,929.393,874
2024/04/22 21:16:07.015,csv_executor,input,final_uav_1,-1,113375,-1,9786.05,2.7,17.709,0.5,16.534,2.62,929.878,0.53,929.393,232.31,929.393,875
2024/04/22 21:16:07.147,csv_executor,input,final_uav_1,-1,113376,-1,9897.82,2.09,17.709,0.0,16.534,2.1,929.878,0.0,929.393,248.33,929.393,876
2024/04/22 21:16:07.270,csv_executor,input,final_uav_1,-1,113377,-1,10000.11,2.62,17.709,0.0,16.534,2.1,929.878,0.53,929.393,261.95,929.393,877
2024/04/22 21:16:07.392,csv_executor,input,final_uav_1,-1,113378,-1,10120.36,4.44,17.765,0.09,16.59,4.45,929.878,0.51,929.393,256.76,929.393,878
2024/04/22 21:16:07.520,csv_executor,input,final_uav_1,-1,113379,-1,10243.68,2.08,17.765,0.0,16.59,2.62,929.878,0.53,929.393,257.86,929.393,879
2024/04/22 21:16:07.637,csv_executor,input,final_uav_1,-1,113380,-1,10339.22,3.67,17.765,0.0,16.59,3.59,929.878,0.0,929.393,252.43,929.393,880
2024/04/22 21:16:07.745,csv_executor,input,final_uav_1,-1,113381,-1,10462.03,2.1,17.699,0.0,16.524,2.09,929.878,0.0,929.393,233.56,929.393,881
2024/04/22 21:16:07.887,csv_executor,input,final_uav_1,-1,113382,-1,10577.41,1.57,17.699,0.0,16.524,2.07,929.878,0.0,929.393,256.25,929.393,882
2024/04/22 21:16:08.030,csv_executor,input,final_uav_1,-1,113383,-1,10679.74,2.08,17.699,0.0,16.524,2.67,929.878,0.0,929.393,291.28,929.393,883
2024/04/22 21:16:08.137,csv_executor,input,final_uav_1,-1,114924,-1,11.06,8.4,17.452,0.0,16.277,2.6,929.878,0.54,929.393,281.73,929.393,884
2024/04/22 21:16:08.249,csv_executor,input,final_uav_1,-1,114925,-1,178.5,10.85,17.452,0.0,16.277,2.61,929.878,0.0,929.393,220.09,929.393,885
2024/04/22 21:16:08.364,csv_executor,input,final_uav_1,-1,114926,-1,273.61,2.1,17.452,0.0,16.277,2.07,929.878,0.0,929.393,232.95,929.393,886
2024/04/22 21:16:08.468,csv_executor,input,final_uav_1,-1,114927,-1,378.29,2.62,17.452,0.0,16.277,3.12,929.878,0.52,929.393,226.5,929.393,887
2024/04/22 21:16:08.596,csv_executor,input,final_uav_1,-1,114928,-1,486.71,2.62,17.452,0.0,16.277,2.6,929.878,0.53,929.393,239.41,929.393,888
2024/04/22 21:16:08.734,csv_executor,input,final_uav_1,-1,114929,-1,586.97,2.06,17.566,0.0,16.391,2.6,929.878,0.52,929.393,272.87,929.393,889
2024/04/22 21:16:08.843,csv_executor,input,final_uav_1,-1,114930,-1,709.01,3.68,17.566,0.52,16.391,3.28,929.878,0.51,929.393,252.82,929.393,890
2024/04/22 21:16:08.955,csv_executor,input,final_uav_1,-1,114931,-1,834.75,3.16,17.566,0.52,16.391,3.17,929.878,0.54,929.393,228.92,929.393,891
2024/04/22 21:16:09.103,csv_executor,input,final_uav_1,-1,114932,-1,936.77,2.36,17.566,0.0,16.391,2.1,929.878,0.53,929.393,266.82,929.393,892
2024/04/22 21:16:09.223,csv_executor,input,final_uav_1,-1,114933,-1,1038.47,2.63,17.566,0.52,16.391,2.62,929.878,0.52,929.393,274.95,929.393,893
2024/04/22 21:16:09.329,csv_executor,input,final_uav_1,-1,114934,-1,1142.05,2.1,17.566,0.0,16.391,2.6,929.878,0.0,929.393,268.68,929.393,894
2024/04/22 21:16:09.436,csv_executor,input,final_uav_1,-1,114935,-1,1289.1,2.09,17.535,0.0,16.36,2.15,929.878,0.52,929.393,219.98,929.393,895
2024/04/22 21:16:09.546,csv_executor,input,final_uav_1,-1,114936,-1,1388.01,2.09,17.535,0.0,16.36,2.62,929.878,0.0,929.393,222.6,929.393,896
2024/04/22 21:16:09.669,csv_executor,input,final_uav_1,-1,114937,-1,1486.25,2.1,17.535,0.0,16.36,2.1,929.878,0.58,929.393,240.07,929.393,897
2024/04/22 21:16:09.782,csv_executor,input,final_uav_1,-1,114938,-1,1588.25,2.07,17.574,0.0,16.399,2.06,929.878,0.0,929.393,247.06,929.393,898
2024/04/22 21:16:09.903,csv_executor,input,final_uav_1,-1,114939,-1,1710.68,2.15,17.574,0.0,16.399,2.08,929.878,0.52,929.393,240.69,929.393,899
2024/04/22 21:16:10.019,csv_executor,input,final_uav_1,-1,114940,-1,1814.15,2.7,17.574,0.0,16.399,3.67,929.878,1.06,929.393,245.33,929.393,900
2024/04/22 21:16:10.129,csv_executor,input,final_uav_1,-1,114941,-1,1934.15,2.1,17.574,0.0,16.399,2.08,929.878,0.53,929.393,231.85,929.393,901
2024/04/22 21:16:10.239,csv_executor,input,final_uav_1,-1,114942,-1,2042.31,2.08,17.574,0.0,16.399,2.69,929.878,0.0,929.393,226.34,929.393,902
2024/04/22 21:16:10.383,csv_executor,input,final_uav_1,-1,114943,-1,2145.29,1.54,17.643,0.56,16.468,2.05,929.878,0.52,929.393,260.14,929.393,903
2024/04/22 21:16:10.506,csv_executor,input,final_uav_1,-1,114944,-1,2244.24,2.07,17.643,0.0,16.468,2.11,929.878,0.52,929.393,278.1,929.393,904
2024/04/22 21:16:10.633,csv_executor,input,final_uav_1,-1,114945,-1,2382.22,3.15,17.643,0.0,16.468,2.76,929.878,0.52,929.393,259.85,929.393,905
2024/04/22 21:16:10.742,csv_executor,input,final_uav_1,-1,114946,-1,2503.46,2.11,17.643,0.0,16.468,2.11,929.878,0.51,929.393,242.96,929.393,906
2024/04/22 21:16:10.858,csv_executor,input,final_uav_1,-1,114947,-1,2625.35,3.12,17.643,0.0,16.468,2.69,929.878,0.0,929.393,231.0,929.393,907
2024/04/22 21:16:10.984,csv_executor,input,final_uav_1,-1,114948,-1,2727.71,2.17,17.643,0.0,16.468,2.07,929.878,0.0,929.393,249.04,929.393,908
2024/04/22 21:16:11.124,csv_executor,input,final_uav_1,-1,114949,-1,2963.19,129.32,17.643,0.0,16.468,3.78,929.878,0.53,929.393,146.1,929.393,909
2024/04/22 21:16:11.239,csv_executor,input,final_uav_1,-1,114950,-1,2965.75,2.6,17.643,0.0,16.468,3.63,929.878,0.52,929.393,253.86,929.393,910
2024/04/22 21:16:11.350,csv_executor,input,final_uav_1,-1,114951,-1,2964.55,2.12,17.643,0.0,16.468,121.56,929.878,0.0,929.393,239.47,929.393,911
2024/04/22 21:16:11.511,csv_executor,input,final_uav_1,-1,114952,-1,3194.29,2.63,17.643,0.0,16.468,2.61,929.878,0.52,929.393,279.85,929.393,912
2024/04/22 21:16:11.672,csv_executor,input,final_uav_1,-1,114953,-1,3303.21,3.62,17.643,0.0,16.468,2.09,929.878,0.0,929.393,327.25,929.393,913
2024/04/22 21:16:11.796,csv_executor,input,final_uav_1,-1,114954,-1,3411.97,2.59,17.642,0.0,16.467,2.59,929.878,0.0,929.393,336.88,929.393,914
2024/04/22 21:16:11.907,csv_executor,input,final_uav_1,-1,114955,-1,3609.24,3.15,17.642,0.0,16.467,3.9,929.878,0.52,929.393,243.13,929.393,915
2024/04/22 21:16:12.018,csv_executor,input,final_uav_1,-1,114956,-1,3732.05,1.58,17.642,0.0,16.467,2.11,929.878,0.0,929.393,228.36,929.393,916
2024/04/22 21:16:12.147,csv_executor,input,final_uav_1,-1,114957,-1,3838.48,2.34,17.642,0.0,16.467,2.6,929.878,0.53,929.393,245.03,929.393,917
2024/04/22 21:16:12.269,csv_executor,input,final_uav_1,-1,114958,-1,3941.59,3.25,17.642,0.0,16.467,3.14,929.878,0.52,929.393,258.79,929.393,918
2024/04/22 21:16:12.381,csv_executor,input,final_uav_1,-1,114959,-1,4067.23,2.1,17.619,0.0,16.444,3.65,929.878,0.0,929.393,240.26,929.393,919
2024/04/22 21:16:12.490,csv_executor,input,final_uav_1,-1,114960,-1,4182.97,3.15,17.619,0.0,16.444,3.67,929.878,0.53,929.393,227.69,929.393,920
2024/04/22 21:16:12.608,csv_executor,input,final_uav_1,-1,114961,-1,4291.79,2.61,17.619,0.0,16.444,2.06,929.878,0.0,929.393,234.2,929.393,921
2024/04/22 21:16:12.749,csv_executor,input,final_uav_1,-1,114962,-1,4394.92,2.09,17.619,0.0,16.444,2.12,929.878,0.51,929.393,267.47,929.393,922
2024/04/22 21:16:13.277,csv_executor,input,final_uav_1,-1,114963,-1,4509.67,2.09,17.619,0.0,16.444,2.61,929.878,0.0,929.393,675.98,929.393,923
2024/04/22 21:16:13.391,csv_executor,input,final_uav_1,-1,114964,-1,4620.43,2.11,17.619,0.0,16.444,2.07,929.878,0.0,929.393,674.48,929.393,924
2024/04/22 21:16:13.515,csv_executor,input,final_uav_1,-1,114965,-1,4767.96,2.15,17.619,0.0,16.444,3.16,929.878,0.53,929.393,644.72,929.393,925
2024/04/22 21:16:13.667,csv_executor,input,final_uav_1,-1,114966,-1,5277.08,1.57,17.667,0.53,16.492,2.08,929.878,0.0,929.393,284.37,929.393,926
2024/04/22 21:16:13.781,csv_executor,input,final_uav_1,-1,114967,-1,5395.86,2.19,17.667,0.0,16.492,2.59,929.878,0.53,929.393,274.0,929.393,927
2024/04/22 21:16:13.892,csv_executor,input,final_uav_1,-1,114968,-1,5542.96,3.65,17.667,0.0,16.492,2.63,929.878,0.53,929.393,233.23,929.393,928
2024/04/22 21:16:14.066,csv_executor,input,final_uav_1,-1,114969,-1,5652.6,2.65,17.667,0.0,16.492,2.62,929.878,0.52,929.393,291.11,929.393,929
2024/04/22 21:16:14.186,csv_executor,input,final_uav_1,-1,114970,-1,5760.0,2.08,17.762,0.0,16.587,3.64,929.878,0.52,929.393,299.66,929.393,930
2024/04/22 21:16:14.294,csv_executor,input,final_uav_1,-1,114971,-1,5865.19,2.08,17.762,0.0,16.587,2.6,929.878,0.52,929.393,296.66,929.393,931
2024/04/22 21:16:14.403,csv_executor,input,final_uav_1,-1,114972,-1,6043.41,2.1,17.762,0.0,16.587,2.07,929.878,0.0,929.393,223.33,929.393,932
2024/04/22 21:16:14.518,csv_executor,input,final_uav_1,-1,114973,-1,6146.12,1.56,17.762,0.52,16.587,2.6,929.878,0.52,929.393,228.36,929.393,933
2024/04/22 21:16:14.637,csv_executor,input,final_uav_1,-1,114974,-1,6250.94,2.07,17.762,0.0,16.587,2.06,929.878,0.0,929.393,239.63,929.393,934
2024/04/22 21:16:14.746,csv_executor,input,final_uav_1,-1,114975,-1,6359.79,2.08,17.762,0.0,16.587,2.6,929.878,0.0,929.393,234.65,929.393,935
2024/04/22 21:16:14.887,csv_executor,input,final_uav_1,-1,114976,-1,6473.76,2.1,17.762,0.0,16.587,2.1,929.878,0.52,929.393,256.13,929.393,936
2024/04/22 21:16:14.993,csv_executor,input,final_uav_1,-1,114977,-1,6576.52,2.07,17.762,0.0,16.587,2.08,929.878,0.52,929.393,254.39,929.393,937
2024/04/22 21:16:15.100,csv_executor,input,final_uav_1,-1,114978,-1,6714.11,2.11,17.762,0.52,16.587,3.15,929.878,0.0,929.393,220.09,929.393,938
2024/04/22 21:16:15.230,csv_executor,input,final_uav_1,-1,114979,-1,6816.75,2.08,17.762,0.52,16.587,1.55,929.878,0.52,929.393,243.42,929.393,939
2024/04/22 21:16:15.369,csv_executor,input,final_uav_1,-1,114980,-1,6918.52,2.1,17.762,0.0,16.587,2.07,929.878,0.52,929.393,275.08,929.393,940
2024/04/22 21:16:15.480,csv_executor,input,final_uav_1,-1,114981,-1,7024.94,2.61,17.762,0.0,16.587,3.14,929.878,0.53,929.393,274.26,929.393,941
2024/04/22 21:16:15.602,csv_executor,input,final_uav_1,-1,114982,-1,7174.53,3.13,17.762,0.0,16.587,4.21,929.878,0.0,929.393,240.71,929.393,942
2024/04/22 21:16:15.708,csv_executor,input,final_uav_1,-1,114983,-1,7282.28,2.09,17.762,0.0,16.587,2.73,929.878,0.52,929.393,234.35,929.393,943
2024/04/22 21:16:15.814,csv_executor,input,final_uav_1,-1,114984,-1,7396.24,2.09,17.762,0.0,16.587,2.09,929.878,0.53,929.393,221.95,929.393,944
2024/04/22 21:16:15.918,csv_executor,input,final_uav_1,-1,114985,-1,7500.01,2.08,17.762,0.0,16.587,2.17,929.878,0.0,929.393,216.39,929.393,945
2024/04/22 21:16:16.032,csv_executor,input,final_uav_1,-1,114986,-1,7601.49,1.55,14.18,0.51,13.005,2.07,929.878,0.0,929.393,224.17,929.393,946
2024/04/22 21:16:16.152,csv_executor,input,final_uav_1,-1,114987,-1,7700.75,1.56,14.18,0.0,13.005,2.61,929.878,0.0,929.393,239.19,929.393,947
2024/04/22 21:16:16.255,csv_executor,input,final_uav_1,-1,114988,-1,7807.34,1.54,14.18,0.0,13.005,2.06,929.878,0.52,929.393,231.09,929.393,948
2024/04/22 21:16:16.360,csv_executor,input,final_uav_1,-1,114989,-1,7923.09,1.57,14.18,0.0,13.005,2.07,929.878,0.52,929.393,215.68,929.393,949
2024/04/22 21:16:16.480,csv_executor,input,final_uav_1,-1,114990,-1,8022.75,1.62,14.18,0.0,13.005,2.06,929.878,0.51,929.393,232.12,929.393,950
2024/04/22 21:16:16.592,csv_executor,input,final_uav_1,-1,114991,-1,8121.99,1.56,14.18,0.0,13.005,1.57,929.878,0.52,929.393,240.41,929.393,951
2024/04/22 21:16:16.696,csv_executor,input,final_uav_1,-1,114992,-1,8233.79,2.1,14.18,0.0,13.005,2.62,929.878,0.53,929.393,225.94,929.393,952
2024/04/22 21:16:16.800,csv_executor,input,final_uav_1,-1,114993,-1,8340.48,2.08,14.778,0.0,13.603,3.13,929.878,0.52,929.393,215.54,929.393,953
2024/04/22 21:16:16.905,csv_executor,input,final_uav_1,-1,114994,-1,8442.04,1.55,14.778,0.51,13.603,2.59,929.878,0.53,929.393,213.97,929.393,954
2024/04/22 21:16:17.011,csv_executor,input,final_uav_1,-1,114995,-1,8540.9,1.62,14.778,0.5,13.603,1.55,929.878,0.0,929.393,217.08,929.393,955
2024/04/22 21:16:17.114,csv_executor,input,final_uav_1,-1,114996,-1,8639.19,2.07,14.778,0.0,13.603,2.7,929.878,0.0,929.393,214.67,929.393,956
2024/04/22 21:16:17.216,csv_executor,input,final_uav_1,-1,114997,-1,8739.63,2.09,14.778,0.0,13.603,3.73,929.878,0.0,929.393,210.84,929.393,957
2024/04/22 21:16:17.323,csv_executor,input,final_uav_1,-1,114998,-1,8838.35,2.07,14.778,0.0,13.603,2.06,929.878,0.52,929.393,214.17,929.393,958
2024/04/22 21:16:17.455,csv_executor,input,final_uav_1,-1,114999,-1,8936.43,2.12,15.387,0.0,14.212,2.63,929.878,0.52,929.393,243.16,929.393,959
2024/04/22 21:16:17.575,csv_executor,input,final_uav_1,-1,115000,-1,9036.68,2.07,15.387,0.0,14.212,2.21,929.878,0.52,929.393,257.3,929.393,960
2024/04/22 21:16:17.684,csv_executor,input,final_uav_1,-1,115001,-1,9135.99,2.07,15.387,0.0,14.212,1.55,929.878,0.0,929.393,262.17,929.393,961
2024/04/22 21:16:17.792,csv_executor,input,final_uav_1,-1,115002,-1,9275.67,2.2,15.387,0.0,14.212,2.62,929.878,0.0,929.393,225.45,929.393,962
2024/04/22 21:16:17.900,csv_executor,input,final_uav_1,-1,115003,-1,9380.25,2.14,15.387,0.0,14.212,2.64,929.878,0.0,929.393,224.03,929.393,963
2024/04/22 21:16:18.008,csv_executor,input,final_uav_1,-1,115004,-1,9484.48,1.56,15.387,0.0,14.212,2.07,929.878,0.52,929.393,221.07,929.393,964
2024/04/22 21:16:18.118,csv_executor,input,final_uav_1,-1,115005,-1,9587.64,2.1,15.946,0.0,14.771,2.6,929.878,0.52,929.393,222.54,929.393,965
2024/04/22 21:16:18.222,csv_executor,input,final_uav_1,-1,115006,-1,9687.27,1.54,15.946,0.0,14.771,2.08,929.878,0.0,929.393,221.16,929.393,966
2024/04/22 21:16:18.325,csv_executor,input,final_uav_1,-1,115007,-1,9790.58,2.94,15.946,0.0,14.771,2.87,929.878,0.52,929.393,216.19,929.393,967
2024/04/22 21:16:18.429,csv_executor,input,final_uav_1,-1,115008,-1,9893.62,1.55,15.946,0.52,14.771,2.59,929.878,0.53,929.393,213.71,929.393,968
2024/04/22 21:16:18.558,csv_executor,input,final_uav_1,-1,115009,-1,9993.32,2.06,15.946,0.0,14.771,2.09,929.878,0.0,929.393,238.47,929.393,969
2024/04/22 21:16:18.668,csv_executor,input,final_uav_1,-1,115010,-1,10091.65,1.59,15.946,0.0,14.771,2.07,929.878,0.0,929.393,245.47,929.393,970
2024/04/22 21:16:18.773,csv_executor,input,final_uav_1,-1,115011,-1,10192.37,2.07,15.946,0.0,14.771,2.12,929.878,0.0,929.393,245.32,929.393,971
2024/04/22 21:16:18.877,csv_executor,input,final_uav_1,-1,115012,-1,10320.8,1.55,15.946,0.0,14.771,2.6,929.878,0.0,929.393,215.8,929.393,972
2024/04/22 21:16:18.981,csv_executor,input,final_uav_1,-1,115013,-1,10422.45,2.07,15.946,0.0,14.771,2.61,929.878,0.52,929.393,213.97,929.393,973
2024/04/22 21:16:19.085,csv_executor,input,final_uav_1,-1,115014,-1,10522.87,1.53,15.946,0.0,14.771,2.65,929.878,0.52,929.393,213.71,929.393,974
2024/04/22 21:16:19.188,csv_executor,input,final_uav_1,-1,115015,-1,10621.17,2.14,15.946,0.0,14.771,2.08,929.878,0.0,929.393,212.62,929.393,975
